email;data;IP;Local
test@gmail.com;2025-08-26 09:40:05;127.0.0.1;localhost
test@gmail.com;2025-08-26 10:40:45;127.0.0.1;localhost
test@gmail.com;2025-08-26 10:50:51;127.0.0.1;localhost
test@gmail.com;2025-08-26 10:56:16;127.0.0.1;localhost
test@gmail.com;2025-08-26 10:59:25;127.0.0.1;localhost
test@gmail.com;2025-08-26 11:10:48;127.0.0.1;localhost
test@gmail.com;2025-08-26 11:14:25;127.0.0.1;localhost
test@gmail.com;2025-08-26 11:19:22;127.0.0.1;localhost
test@gmail.com;2025-08-26 11:27:05;127.0.0.1;localhost
test@gmail.com;2025-08-26 11:35:28;127.0.0.1;localhost
test@gmail.com;2025-08-26 11:35:44;127.0.0.1;localhost
test@gmail.com;2025-08-26 11:39:06;127.0.0.1;localhost
test@gmail.com;2025-08-26 11:39:20;127.0.0.1;localhost
test@gmail.com;2025-08-26 11:39:53;127.0.0.1;localhost
test@gmail.com;2025-08-26 11:42:47;127.0.0.1;localhost
test@gmail.com;2025-08-26 11:43:32;127.0.0.1;localhost
test@gmail.com;2025-08-26 11:44:46;127.0.0.1;localhost
test@gmail.com;2025-08-26 11:45:31;127.0.0.1;localhost
test@gmail.com;2025-08-26 11:51:13;127.0.0.1;localhost
test@gmail.com;2025-08-26 11:51:40;127.0.0.1;localhost
test@gmail.com;2025-08-26 11:52:16;127.0.0.1;localhost
test@gmail.com;2025-08-26 11:55:06;127.0.0.1;localhost
test@gmail.com;2025-08-26 11:56:38;127.0.0.1;localhost
test@gmail.com;2025-08-26 11:57:24;127.0.0.1;localhost
test@gmail.com;2025-08-26 11:57:48;127.0.0.1;localhost
test@gmail.com;2025-08-27 08:43:53;127.0.0.1;localhost
test@gmail.com;2025-08-27 08:47:06;127.0.0.1;localhost
